{
  "templateId" : "Blood pressure template",
  "version" : "2.3",
  "defaultLanguage" : "en",
  "languages" : [ "en" ],
  "tree" : {
    "id" : "blood_pressure_template",
    "name" : "Blood pressure template",
    "localizedName" : "Blood pressure template",
    "rmType" : "COMPOSITION",
    "nodeId" : "openEHR-EHR-COMPOSITION.encounter.v1",
    "min" : 1,
    "max" : 1,
    "localizedNames" : {
      "en" : "Blood pressure template"
    },
    "localizedDescriptions" : {
      "en" : "Interaction, contact or care event between a subject of care and healthcare provider(s)."
    },
    "aqlPath" : "",
    "children" : [ {
      "id" : "context",
      "rmType" : "EVENT_CONTEXT",
      "nodeId" : "",
      "min" : 1,
      "max" : 1,
      "aqlPath" : "/context",
      "children" : [ {
        "id" : "start_time",
        "name" : "Start_time",
        "rmType" : "DV_DATE_TIME",
        "min" : 1,
        "max" : 1,
        "aqlPath" : "/context/start_time",
        "inputs" : [ {
          "type" : "DATETIME"
        } ],
        "inContext" : true
      }, {
        "id" : "setting",
        "name" : "Setting",
        "rmType" : "DV_CODED_TEXT",
        "min" : 1,
        "max" : 1,
        "aqlPath" : "/context/setting",
        "inputs" : [ {
          "suffix" : "code",
          "type" : "TEXT"
        }, {
          "suffix" : "value",
          "type" : "TEXT"
        } ],
        "inContext" : true
      } ]
    }, {
      "id" : "body_weight",
      "name" : "Body weight",
      "localizedName" : "Body weight",
      "rmType" : "OBSERVATION",
      "nodeId" : "openEHR-EHR-OBSERVATION.body_weight.v2",
      "min" : 0,
      "max" : 1,
      "localizedNames" : {
        "en" : "Body weight"
      },
      "localizedDescriptions" : {
        "en" : "Measurement of the body weight of an individual."
      },
      "aqlPath" : "/content[openEHR-EHR-OBSERVATION.body_weight.v2]",
      "children" : [ {
        "id" : "any_event",
        "name" : "Any event",
        "localizedName" : "Any event",
        "rmType" : "EVENT",
        "nodeId" : "at0003",
        "min" : 0,
        "max" : -1,
        "localizedNames" : {
          "en" : "Any event"
        },
        "localizedDescriptions" : {
          "en" : "Default, unspecified point in time or interval event which may be explicitly defined in a template or at run-time."
        },
        "aqlPath" : "/content[openEHR-EHR-OBSERVATION.body_weight.v2]/data[at0002]/events[at0003]",
        "children" : [ {
          "id" : "weight",
          "name" : "Weight",
          "localizedName" : "Weight",
          "rmType" : "DV_QUANTITY",
          "nodeId" : "at0004",
          "min" : 1,
          "max" : 1,
          "localizedNames" : {
            "en" : "Weight"
          },
          "localizedDescriptions" : {
            "en" : "The weight of the individual."
          },
          "aqlPath" : "/content[openEHR-EHR-OBSERVATION.body_weight.v2]/data[at0002]/events[at0003]/data[at0001]/items[at0004]/value",
          "inputs" : [ {
            "suffix" : "magnitude",
            "type" : "DECIMAL"
          }, {
            "suffix" : "unit",
            "type" : "CODED_TEXT",
            "list" : [ {
              "value" : "kg",
              "label" : "kg",
              "validation" : {
                "range" : {
                  "minOp" : ">=",
                  "min" : 0.0,
                  "maxOp" : "<=",
                  "max" : 1000.0
                }
              }
            }, {
              "value" : "[lb_av]",
              "label" : "[lb_av]",
              "localizedLabels" : {
                "en" : "lbm"
              },
              "validation" : {
                "range" : {
                  "minOp" : ">=",
                  "min" : 0.0,
                  "maxOp" : "<=",
                  "max" : 2000.0
                }
              }
            }, {
              "value" : "g",
              "label" : "g",
              "validation" : {
                "range" : {
                  "minOp" : ">=",
                  "min" : 0.0,
                  "maxOp" : "<=",
                  "max" : 1000000.0
                }
              }
            } ]
          } ],
          "termBindings" : {
            "LOINC" : {
              "value" : "[LOINC::29463-7]",
              "terminologyId" : "LOINC"
            }
          }
        }, {
          "id" : "comment",
          "name" : "Comment",
          "localizedName" : "Comment",
          "rmType" : "DV_TEXT",
          "nodeId" : "at0024",
          "min" : 0,
          "max" : 1,
          "localizedNames" : {
            "en" : "Comment"
          },
          "localizedDescriptions" : {
            "en" : "Additional narrative about the measurement of Body weight, not captured in other fields."
          },
          "aqlPath" : "/content[openEHR-EHR-OBSERVATION.body_weight.v2]/data[at0002]/events[at0003]/data[at0001]/items[at0024]/value[at0016]",
          "inputs" : [ {
            "type" : "TEXT"
          } ]
        }, {
          "id" : "state_of_dress",
          "name" : "State of dress",
          "localizedName" : "State of dress",
          "rmType" : "DV_CODED_TEXT",
          "nodeId" : "at0009",
          "min" : 0,
          "max" : 1,
          "dependsOn" : [ "weight", "comment" ],
          "localizedNames" : {
            "en" : "State of dress"
          },
          "localizedDescriptions" : {
            "en" : "Description of the state of dress of the person at the time of weighing."
          },
          "aqlPath" : "/content[openEHR-EHR-OBSERVATION.body_weight.v2]/data[at0002]/events[at0003]/state[at0008]/items[at0009]/value[at0014]",
          "inputs" : [ {
            "suffix" : "code",
            "type" : "CODED_TEXT",
            "list" : [ {
              "value" : "at0013",
              "label" : "Naked",
              "localizedLabels" : {
                "en" : "Naked"
              },
              "localizedDescriptions" : {
                "en" : "Without any clothes."
              }
            }, {
              "value" : "at0017",
              "label" : "Nappy/diaper",
              "localizedLabels" : {
                "en" : "Nappy/diaper"
              },
              "localizedDescriptions" : {
                "en" : "Wearing only a nappy - which may add significantly to weight."
              }
            }, {
              "value" : "at0011",
              "label" : "Lightly clothed/underwear",
              "localizedLabels" : {
                "en" : "Lightly clothed/underwear"
              },
              "localizedDescriptions" : {
                "en" : "Clothing which will not add to weight significantly."
              }
            }, {
              "value" : "at0028",
              "label" : "Fully clothed, without shoes",
              "localizedLabels" : {
                "en" : "Fully clothed, without shoes"
              },
              "localizedDescriptions" : {
                "en" : "Clothing which may add significantly to weight."
              }
            }, {
              "value" : "at0010",
              "label" : "Fully clothed, including shoes",
              "localizedLabels" : {
                "en" : "Fully clothed, including shoes"
              },
              "localizedDescriptions" : {
                "en" : "Clothing which may add significantly to weight, including shoes."
              }
            } ]
          } ]
        }, {
          "id" : "confounding_factors",
          "name" : "Confounding factors",
          "localizedName" : "Confounding factors",
          "rmType" : "DV_TEXT",
          "nodeId" : "at0025",
          "min" : 0,
          "max" : -1,
          "dependsOn" : [ "weight", "comment" ],
          "localizedNames" : {
            "en" : "Confounding factors"
          },
          "localizedDescriptions" : {
            "en" : "Record any issues or factors that may impact on the measurement of body weight eg timing in menstrual cycle, timing of recent bowel motion or noting of amputation."
          },
          "aqlPath" : "/content[openEHR-EHR-OBSERVATION.body_weight.v2]/data[at0002]/events[at0003]/state[at0008]/items[at0025]/value[at0007]",
          "inputs" : [ {
            "type" : "TEXT"
          } ]
        }, {
          "id" : "time",
          "name" : "Time",
          "rmType" : "DV_DATE_TIME",
          "min" : 1,
          "max" : 1,
          "aqlPath" : "/content[openEHR-EHR-OBSERVATION.body_weight.v2]/data[at0002]/events[at0003]/time",
          "inputs" : [ {
            "type" : "DATETIME"
          } ],
          "inContext" : true
        } ]
      }, {
        "id" : "birth",
        "name" : "Birth",
        "localizedName" : "Birth",
        "rmType" : "POINT_EVENT",
        "nodeId" : "at0026",
        "min" : 0,
        "max" : 1,
        "localizedNames" : {
          "en" : "Birth"
        },
        "localizedDescriptions" : {
          "en" : "Usually the first weight, measured soon after birth. This event will only be used once per health record\r\n."
        },
        "aqlPath" : "/content[openEHR-EHR-OBSERVATION.body_weight.v2]/data[at0002]/events[at0026]",
        "children" : [ {
          "id" : "weight",
          "name" : "Weight",
          "localizedName" : "Weight",
          "rmType" : "DV_QUANTITY",
          "nodeId" : "at0004",
          "min" : 1,
          "max" : 1,
          "localizedNames" : {
            "en" : "Weight"
          },
          "localizedDescriptions" : {
            "en" : "The weight of the individual."
          },
          "aqlPath" : "/content[openEHR-EHR-OBSERVATION.body_weight.v2]/data[at0002]/events[at0026]/data[at0001]/items[at0004]/value",
          "inputs" : [ {
            "suffix" : "magnitude",
            "type" : "DECIMAL"
          }, {
            "suffix" : "unit",
            "type" : "CODED_TEXT",
            "list" : [ {
              "value" : "kg",
              "label" : "kg",
              "validation" : {
                "range" : {
                  "minOp" : ">=",
                  "min" : 0.0,
                  "maxOp" : "<=",
                  "max" : 1000.0
                }
              }
            }, {
              "value" : "[lb_av]",
              "label" : "[lb_av]",
              "localizedLabels" : {
                "en" : "lbm"
              },
              "validation" : {
                "range" : {
                  "minOp" : ">=",
                  "min" : 0.0,
                  "maxOp" : "<=",
                  "max" : 2000.0
                }
              }
            }, {
              "value" : "g",
              "label" : "g",
              "validation" : {
                "range" : {
                  "minOp" : ">=",
                  "min" : 0.0,
                  "maxOp" : "<=",
                  "max" : 1000000.0
                }
              }
            } ]
          } ],
          "termBindings" : {
            "LOINC" : {
              "value" : "[LOINC::29463-7]",
              "terminologyId" : "LOINC"
            }
          }
        }, {
          "id" : "comment",
          "name" : "Comment",
          "localizedName" : "Comment",
          "rmType" : "DV_TEXT",
          "nodeId" : "at0024",
          "min" : 0,
          "max" : 1,
          "localizedNames" : {
            "en" : "Comment"
          },
          "localizedDescriptions" : {
            "en" : "Additional narrative about the measurement of Body weight, not captured in other fields."
          },
          "aqlPath" : "/content[openEHR-EHR-OBSERVATION.body_weight.v2]/data[at0002]/events[at0026]/data[at0001]/items[at0024]/value[at0016]",
          "inputs" : [ {
            "type" : "TEXT"
          } ]
        }, {
          "id" : "state_of_dress",
          "name" : "State of dress",
          "localizedName" : "State of dress",
          "rmType" : "DV_CODED_TEXT",
          "nodeId" : "at0009",
          "min" : 0,
          "max" : 1,
          "dependsOn" : [ "weight", "comment" ],
          "localizedNames" : {
            "en" : "State of dress"
          },
          "localizedDescriptions" : {
            "en" : "Description of the state of dress of the person at the time of weighing."
          },
          "aqlPath" : "/content[openEHR-EHR-OBSERVATION.body_weight.v2]/data[at0002]/events[at0026]/state[at0008]/items[at0009]/value[at0014]",
          "inputs" : [ {
            "suffix" : "code",
            "type" : "CODED_TEXT",
            "list" : [ {
              "value" : "at0013",
              "label" : "Naked",
              "localizedLabels" : {
                "en" : "Naked"
              },
              "localizedDescriptions" : {
                "en" : "Without any clothes."
              }
            }, {
              "value" : "at0017",
              "label" : "Nappy/diaper",
              "localizedLabels" : {
                "en" : "Nappy/diaper"
              },
              "localizedDescriptions" : {
                "en" : "Wearing only a nappy - which may add significantly to weight."
              }
            }, {
              "value" : "at0011",
              "label" : "Lightly clothed/underwear",
              "localizedLabels" : {
                "en" : "Lightly clothed/underwear"
              },
              "localizedDescriptions" : {
                "en" : "Clothing which will not add to weight significantly."
              }
            }, {
              "value" : "at0028",
              "label" : "Fully clothed, without shoes",
              "localizedLabels" : {
                "en" : "Fully clothed, without shoes"
              },
              "localizedDescriptions" : {
                "en" : "Clothing which may add significantly to weight."
              }
            }, {
              "value" : "at0010",
              "label" : "Fully clothed, including shoes",
              "localizedLabels" : {
                "en" : "Fully clothed, including shoes"
              },
              "localizedDescriptions" : {
                "en" : "Clothing which may add significantly to weight, including shoes."
              }
            } ]
          } ]
        }, {
          "id" : "confounding_factors",
          "name" : "Confounding factors",
          "localizedName" : "Confounding factors",
          "rmType" : "DV_TEXT",
          "nodeId" : "at0025",
          "min" : 0,
          "max" : -1,
          "dependsOn" : [ "weight", "comment" ],
          "localizedNames" : {
            "en" : "Confounding factors"
          },
          "localizedDescriptions" : {
            "en" : "Record any issues or factors that may impact on the measurement of body weight eg timing in menstrual cycle, timing of recent bowel motion or noting of amputation."
          },
          "aqlPath" : "/content[openEHR-EHR-OBSERVATION.body_weight.v2]/data[at0002]/events[at0026]/state[at0008]/items[at0025]/value[at0007]",
          "inputs" : [ {
            "type" : "TEXT"
          } ]
        }, {
          "id" : "time",
          "name" : "Time",
          "rmType" : "DV_DATE_TIME",
          "min" : 1,
          "max" : 1,
          "aqlPath" : "/content[openEHR-EHR-OBSERVATION.body_weight.v2]/data[at0002]/events[at0026]/time",
          "inputs" : [ {
            "type" : "DATETIME"
          } ],
          "inContext" : true
        } ]
      }, {
        "id" : "language",
        "name" : "Language",
        "rmType" : "CODE_PHRASE",
        "min" : 1,
        "max" : 1,
        "aqlPath" : "/content[openEHR-EHR-OBSERVATION.body_weight.v2]/language",
        "inContext" : true
      }, {
        "id" : "encoding",
        "name" : "Encoding",
        "rmType" : "CODE_PHRASE",
        "min" : 1,
        "max" : 1,
        "aqlPath" : "/content[openEHR-EHR-OBSERVATION.body_weight.v2]/encoding",
        "inContext" : true
      }, {
        "id" : "subject",
        "name" : "Subject",
        "rmType" : "PARTY_PROXY",
        "min" : 1,
        "max" : 1,
        "aqlPath" : "/content[openEHR-EHR-OBSERVATION.body_weight.v2]/subject",
        "inContext" : true
      } ]
    }, {
      "id" : "physical_activity_record",
      "name" : "Physical Activity Record",
      "localizedName" : "Physical Activity Record",
      "rmType" : "OBSERVATION",
      "nodeId" : "openEHR-EHR-OBSERVATION.physical_activity_record.v0",
      "min" : 0,
      "max" : 1,
      "localizedNames" : {
        "en" : "Physical Activity Record"
      },
      "localizedDescriptions" : {
        "en" : "Physical Activity Record"
      },
      "aqlPath" : "/content[openEHR-EHR-OBSERVATION.physical_activity_record.v0]",
      "children" : [ {
        "id" : "any_event",
        "name" : "Any event",
        "localizedName" : "Any event",
        "rmType" : "POINT_EVENT",
        "nodeId" : "at0002",
        "min" : 0,
        "max" : -1,
        "localizedNames" : {
          "en" : "Any event"
        },
        "localizedDescriptions" : {
          "en" : ""
        },
        "aqlPath" : "/content[openEHR-EHR-OBSERVATION.physical_activity_record.v0]/data[at0001]/events[at0002]",
        "children" : [ {
          "id" : "type_of_exercise",
          "name" : "Type of exercise",
          "localizedName" : "Type of exercise",
          "rmType" : "DV_CODED_TEXT",
          "nodeId" : "at0005",
          "min" : 0,
          "max" : 1,
          "localizedNames" : {
            "en" : "Type of exercise"
          },
          "localizedDescriptions" : {
            "en" : ""
          },
          "annotations" : {
            "snomed" : "<123456"
          },
          "aqlPath" : "/content[openEHR-EHR-OBSERVATION.physical_activity_record.v0]/data[at0001]/events[at0002]/data[at0003]/items[at0005,'Type of exercise']/value",
          "inputs" : [ {
            "suffix" : "code",
            "type" : "TEXT",
            "terminology" : "SNOMED-CT"
          }, {
            "suffix" : "value",
            "type" : "TEXT",
            "terminology" : "SNOMED-CT"
          } ]
        }, {
          "id" : "calories_consumed",
          "name" : "Calories consumed",
          "localizedName" : "Calories consumed",
          "rmType" : "DV_QUANTITY",
          "nodeId" : "at0009",
          "min" : 0,
          "max" : 1,
          "localizedNames" : {
            "en" : "Calories consumed"
          },
          "localizedDescriptions" : {
            "en" : ""
          },
          "aqlPath" : "/content[openEHR-EHR-OBSERVATION.physical_activity_record.v0]/data[at0001]/events[at0002]/data[at0003]/items[at0009]/value",
          "inputs" : [ {
            "suffix" : "magnitude",
            "type" : "DECIMAL"
          }, {
            "suffix" : "unit",
            "type" : "CODED_TEXT",
            "list" : [ {
              "value" : "kcal",
              "label" : "kcal"
            } ]
          } ]
        }, {
          "id" : "duration",
          "name" : "Duration",
          "localizedName" : "Duration",
          "rmType" : "DV_QUANTITY",
          "nodeId" : "at0010",
          "min" : 0,
          "max" : 1,
          "localizedNames" : {
            "en" : "Duration"
          },
          "localizedDescriptions" : {
            "en" : ""
          },
          "aqlPath" : "/content[openEHR-EHR-OBSERVATION.physical_activity_record.v0]/data[at0001]/events[at0002]/data[at0003]/items[at0010]/value",
          "inputs" : [ {
            "suffix" : "magnitude",
            "type" : "DECIMAL"
          }, {
            "suffix" : "unit",
            "type" : "CODED_TEXT",
            "list" : [ {
              "value" : "min",
              "label" : "min"
            }, {
              "value" : "h",
              "label" : "h"
            } ]
          } ]
        }, {
          "id" : "comment",
          "name" : "Comment",
          "localizedName" : "Comment",
          "rmType" : "DV_TEXT",
          "nodeId" : "at0011",
          "min" : 0,
          "max" : 1,
          "localizedNames" : {
            "en" : "Comment"
          },
          "localizedDescriptions" : {
            "en" : ""
          },
          "aqlPath" : "/content[openEHR-EHR-OBSERVATION.physical_activity_record.v0]/data[at0001]/events[at0002]/data[at0003]/items[at0011]/value",
          "inputs" : [ {
            "type" : "TEXT"
          } ]
        }, {
          "id" : "time",
          "name" : "Time",
          "rmType" : "DV_DATE_TIME",
          "min" : 1,
          "max" : 1,
          "aqlPath" : "/content[openEHR-EHR-OBSERVATION.physical_activity_record.v0]/data[at0001]/events[at0002]/time",
          "inputs" : [ {
            "type" : "DATETIME"
          } ],
          "inContext" : true
        } ]
      }, {
        "id" : "language",
        "name" : "Language",
        "rmType" : "CODE_PHRASE",
        "min" : 1,
        "max" : 1,
        "aqlPath" : "/content[openEHR-EHR-OBSERVATION.physical_activity_record.v0]/language",
        "inContext" : true
      }, {
        "id" : "encoding",
        "name" : "Encoding",
        "rmType" : "CODE_PHRASE",
        "min" : 1,
        "max" : 1,
        "aqlPath" : "/content[openEHR-EHR-OBSERVATION.physical_activity_record.v0]/encoding",
        "inContext" : true
      }, {
        "id" : "subject",
        "name" : "Subject",
        "rmType" : "PARTY_PROXY",
        "min" : 1,
        "max" : 1,
        "aqlPath" : "/content[openEHR-EHR-OBSERVATION.physical_activity_record.v0]/subject",
        "inContext" : true
      } ]
    }, {
      "id" : "category",
      "rmType" : "DV_CODED_TEXT",
      "nodeId" : "",
      "min" : 1,
      "max" : 1,
      "aqlPath" : "/category",
      "inputs" : [ {
        "suffix" : "code",
        "type" : "CODED_TEXT",
        "list" : [ {
          "value" : "433",
          "localizedLabels" : {
            "en" : ""
          }
        } ],
        "terminology" : "openehr"
      } ],
      "inContext" : true
    }, {
      "id" : "language",
      "name" : "Language",
      "rmType" : "CODE_PHRASE",
      "min" : 1,
      "max" : 1,
      "aqlPath" : "/language",
      "inContext" : true
    }, {
      "id" : "territory",
      "name" : "Territory",
      "rmType" : "CODE_PHRASE",
      "min" : 1,
      "max" : 1,
      "aqlPath" : "/territory",
      "inContext" : true
    }, {
      "id" : "composer",
      "name" : "Composer",
      "rmType" : "PARTY_PROXY",
      "min" : 1,
      "max" : 1,
      "aqlPath" : "/composer",
      "inContext" : true
    } ]
  }
}