{
  "templateId" : "physicalActivity",
  "version" : "2.3",
  "defaultLanguage" : "en",
  "languages" : [ "en" ],
  "tree" : {
    "id" : "physical_activity",
    "name" : "Physical Activity",
    "localizedName" : "Physical Activity",
    "rmType" : "COMPOSITION",
    "nodeId" : "openEHR-EHR-COMPOSITION.encounter.v1",
    "min" : 1,
    "max" : 1,
    "localizedNames" : {
      "en" : "Physical Activity"
    },
    "localizedDescriptions" : {
      "en" : "Interaction, contact or care event between a subject of care and healthcare provider(s)."
    },
    "aqlPath" : "",
    "children" : [ {
      "id" : "context",
      "rmType" : "EVENT_CONTEXT",
      "nodeId" : "",
      "min" : 1,
      "max" : 1,
      "aqlPath" : "/context",
      "children" : [ {
        "id" : "start_time",
        "name" : "Start_time",
        "rmType" : "DV_DATE_TIME",
        "min" : 1,
        "max" : 1,
        "aqlPath" : "/context/start_time",
        "inputs" : [ {
          "type" : "DATETIME"
        } ],
        "inContext" : true
      }, {
        "id" : "setting",
        "name" : "Setting",
        "rmType" : "DV_CODED_TEXT",
        "min" : 1,
        "max" : 1,
        "aqlPath" : "/context/setting",
        "inputs" : [ {
          "suffix" : "code",
          "type" : "TEXT"
        }, {
          "suffix" : "value",
          "type" : "TEXT"
        } ],
        "inContext" : true
      } ]
    }, {
      "id" : "physical_activity_record",
      "name" : "Physical Activity Record",
      "localizedName" : "Physical Activity Record",
      "rmType" : "OBSERVATION",
      "nodeId" : "openEHR-EHR-OBSERVATION.physical_activity_record.v0",
      "min" : 0,
      "max" : 1,
      "localizedNames" : {
        "en" : "Physical Activity Record"
      },
      "localizedDescriptions" : {
        "en" : "Physical Activity Record"
      },
      "aqlPath" : "/content[openEHR-EHR-OBSERVATION.physical_activity_record.v0]",
      "children" : [ {
        "id" : "any_event",
        "name" : "Any event",
        "localizedName" : "Any event",
        "rmType" : "POINT_EVENT",
        "nodeId" : "at0002",
        "min" : 0,
        "max" : -1,
        "localizedNames" : {
          "en" : "Any event"
        },
        "localizedDescriptions" : {
          "en" : ""
        },
        "aqlPath" : "/content[openEHR-EHR-OBSERVATION.physical_activity_record.v0]/data[at0001]/events[at0002]",
        "children" : [ {
          "id" : "type_of_exercise",
          "name" : "Type of exercise",
          "localizedName" : "Type of exercise",
          "rmType" : "DV_CODED_TEXT",
          "nodeId" : "at0005",
          "min" : 0,
          "max" : 1,
          "localizedNames" : {
            "en" : "Type of exercise"
          },
          "localizedDescriptions" : {
            "en" : ""
          },
          "annotations" : {
            "snomed" : "<123456"
          },
          "aqlPath" : "/content[openEHR-EHR-OBSERVATION.physical_activity_record.v0]/data[at0001]/events[at0002]/data[at0003]/items[at0005,'Type of exercise']/value",
          "inputs" : [ {
            "suffix" : "code",
            "type" : "TEXT",
            "terminology" : "SNOMED-CT"
          }, {
            "suffix" : "value",
            "type" : "TEXT",
            "terminology" : "SNOMED-CT"
          } ]
        }, {
          "id" : "calories_consumed",
          "name" : "Calories consumed",
          "localizedName" : "Calories consumed",
          "rmType" : "DV_QUANTITY",
          "nodeId" : "at0009",
          "min" : 0,
          "max" : 1,
          "localizedNames" : {
            "en" : "Calories consumed"
          },
          "localizedDescriptions" : {
            "en" : ""
          },
          "aqlPath" : "/content[openEHR-EHR-OBSERVATION.physical_activity_record.v0]/data[at0001]/events[at0002]/data[at0003]/items[at0009]/value",
          "inputs" : [ {
            "suffix" : "magnitude",
            "type" : "DECIMAL"
          }, {
            "suffix" : "unit",
            "type" : "CODED_TEXT",
            "list" : [ {
              "value" : "kcal",
              "label" : "kcal"
            } ]
          } ]
        }, {
          "id" : "duration",
          "name" : "Duration",
          "localizedName" : "Duration",
          "rmType" : "DV_QUANTITY",
          "nodeId" : "at0010",
          "min" : 0,
          "max" : 1,
          "localizedNames" : {
            "en" : "Duration"
          },
          "localizedDescriptions" : {
            "en" : ""
          },
          "aqlPath" : "/content[openEHR-EHR-OBSERVATION.physical_activity_record.v0]/data[at0001]/events[at0002]/data[at0003]/items[at0010]/value",
          "inputs" : [ {
            "suffix" : "magnitude",
            "type" : "DECIMAL"
          }, {
            "suffix" : "unit",
            "type" : "CODED_TEXT",
            "list" : [ {
              "value" : "min",
              "label" : "min"
            }, {
              "value" : "h",
              "label" : "h"
            } ]
          } ]
        }, {
          "id" : "comment",
          "name" : "Comment",
          "localizedName" : "Comment",
          "rmType" : "DV_TEXT",
          "nodeId" : "at0011",
          "min" : 0,
          "max" : 1,
          "localizedNames" : {
            "en" : "Comment"
          },
          "localizedDescriptions" : {
            "en" : ""
          },
          "aqlPath" : "/content[openEHR-EHR-OBSERVATION.physical_activity_record.v0]/data[at0001]/events[at0002]/data[at0003]/items[at0011]/value",
          "inputs" : [ {
            "type" : "TEXT"
          } ]
        }, {
          "id" : "time",
          "name" : "Time",
          "rmType" : "DV_DATE_TIME",
          "min" : 1,
          "max" : 1,
          "aqlPath" : "/content[openEHR-EHR-OBSERVATION.physical_activity_record.v0]/data[at0001]/events[at0002]/time",
          "inputs" : [ {
            "type" : "DATETIME"
          } ],
          "inContext" : true
        } ]
      }, {
        "id" : "language",
        "name" : "Language",
        "rmType" : "CODE_PHRASE",
        "min" : 1,
        "max" : 1,
        "aqlPath" : "/content[openEHR-EHR-OBSERVATION.physical_activity_record.v0]/language",
        "inContext" : true
      }, {
        "id" : "encoding",
        "name" : "Encoding",
        "rmType" : "CODE_PHRASE",
        "min" : 1,
        "max" : 1,
        "aqlPath" : "/content[openEHR-EHR-OBSERVATION.physical_activity_record.v0]/encoding",
        "inContext" : true
      }, {
        "id" : "subject",
        "name" : "Subject",
        "rmType" : "PARTY_PROXY",
        "min" : 1,
        "max" : 1,
        "aqlPath" : "/content[openEHR-EHR-OBSERVATION.physical_activity_record.v0]/subject",
        "inContext" : true
      } ]
    }, {
      "id" : "category",
      "rmType" : "DV_CODED_TEXT",
      "nodeId" : "",
      "min" : 1,
      "max" : 1,
      "aqlPath" : "/category",
      "inputs" : [ {
        "suffix" : "code",
        "type" : "CODED_TEXT",
        "list" : [ {
          "value" : "433",
          "localizedLabels" : {
            "en" : ""
          }
        } ],
        "terminology" : "openehr"
      } ],
      "inContext" : true
    }, {
      "id" : "language",
      "name" : "Language",
      "rmType" : "CODE_PHRASE",
      "min" : 1,
      "max" : 1,
      "aqlPath" : "/language",
      "inContext" : true
    }, {
      "id" : "territory",
      "name" : "Territory",
      "rmType" : "CODE_PHRASE",
      "min" : 1,
      "max" : 1,
      "aqlPath" : "/territory",
      "inContext" : true
    }, {
      "id" : "composer",
      "name" : "Composer",
      "rmType" : "PARTY_PROXY",
      "min" : 1,
      "max" : 1,
      "aqlPath" : "/composer",
      "inContext" : true
    } ]
  }
}